personId,persontypeId,name,email,contactnumber,addressline1,addressline2,city,state,zip,country
1,2,Chaim M. Goodwin,vel@acurnaUt.co.uk,1-706-795-0597,Ap #162-2726 Class St., Apt D,Lakeland County,NC,0050 SB,United States 
2,3,Leilani K. Fox,Integer@acurnaUt.net,1-617-196-2722,699-8369 Ut Road, Apt D,Dunkerque,NC,71814,United States 
3,1,Ira V. Orr,nec.urna@purusMaecenaslibero.net,1-697-119-5344,"P.O. Box 226, 7853 Nulla Road", Apt B ,l'Ecluse,NC,53088,United States 
4,1,Marah Q. Mathews,sem.semper.erat@Pellentesquetincidunttempus.org,1-467-571-9177,"1905 Auctor, St.", Apt C ,Deschambault,NC,2791,United States 
5,3,Tara R. Blanchard,dolor.Fusce@anteblandit.edu,1-764-568-6232,683-378 Sed Street, Apt C ,Eisden,NC,4046,United States 
6,3,Abbot F. Fuller,semper@necquamCurabitur.edu,1-258-683-4554,"P.O. Box 223, 9983 Imperdiet Avenue", Apt B ,Wyoming,NC,856816,United States 
7,2,Elijah K. Hewitt,tempor@montes.com,1-360-141-1442,4460 Lacus. Street, Apt D,Neerharen,NC,60-284,United States 
8,3,Walker R. Carlson,nonummy.ultricies@urnaNunc.co.uk,1-776-123-4888,166-8395 Augue Road, Apt D,Fusagasugá,NC,Z4894,United States 
9,2,Brock H. Ramos,ultrices@tellusid.ca,1-914-955-1470,3016 Id Street, Apt C ,Tebing Tinggi,NC,396605,United States 
10,3,Elmo P. Nolan,dictum.augue@Phasellusdapibus.co.uk,1-418-990-0211,"8034 Ullamcorper, Rd.", Apt C ,Divinópolis,NC,7538,United States 
11,2,Yoko A. Perry,sagittis.augue@MorbivehiculaPellentesque.edu,1-203-941-6827,"Ap #602-6000 Lectus, Rd.", Apt D,Ancona,NC,97998-01734,United States 
12,1,Eaton G. Knox,sociis.natoque.penatibus@iaculis.net,1-982-131-5682,"P.O. Box 968, 4284 Purus. Road",Apt A ,Irapuato,NC,80158-33171,United States 
13,1,Ciaran Q. Ellison,mi.lorem@velvenenatis.edu,1-716-264-4550,"362-1761 Sed, Avenue",Apt A ,Yellowknife,NC,99-278,United States 
14,2,Karyn J. Buchanan,rutrum.urna@FuscefeugiatLorem.com,1-476-106-7875,7882 Accumsan Road,Apt A ,Mersin,NC,46450,United States 
15,2,Daphne R. Salazar,erat.Vivamus@disparturient.com,1-671-424-3454,Ap #231-4268 Tortor. Street, Apt D,Middlesbrough,NC,604102,United States 
16,2,Bryar A. Patton,purus@eleifendCrassed.co.uk,1-452-405-0795,Ap #398-4265 Elementum Ave, Apt B ,Yahyalı,NC,9602,United States 
17,1,Jena A. Cantrell,nascetur.ridiculus.mus@mauris.com,1-330-381-7802,Ap #405-1565 Vivamus Avenue, Apt D,Palu,NC,941,United States 
18,1,Cecilia P. Ortega,eu.ultrices@odio.ca,1-764-430-7784,Ap #370-3768 Dolor Ave, Apt B ,Uberlândia,NC,53059,United States 
19,3,Candace E. Hood,dignissim@placeratCras.org,1-451-583-3349,5007 Sagittis St.,Apt A ,Beervelde,NC,55900,United States 
20,3,Hedda R. Callahan,faucibus.orci@pedeSuspendissedui.org,1-264-397-8364,Ap #713-6417 Euismod St., Apt C ,Wortel,NC,139260,United States 
21,1,Keegan N. Avery,congue.In@musProinvel.net,1-346-489-4035,310-965 Velit. Road, Apt B ,Aliano,NC,63809,United States 
22,1,Ferris W. Ramsey,lacus@orciadipiscingnon.edu,1-305-335-2993,191-5480 Faucibus Ave, Apt C ,Wevelgem,NC,18131,United States 
23,2,Ralph T. Barlow,metus@nuncInat.ca,1-871-563-3386,"P.O. Box 553, 9512 Justo St.", Apt B ,Verdun,NC,69302,United States 
24,2,Wanda M. Nolan,molestie@Phasellusdapibus.org,1-336-656-4369,998-4157 Lacinia Street, Apt B ,La Florida,NC,25807,United States 
25,2,Ruth H. Houston,interdum.enim@scelerisquenequesed.co.uk,1-960-554-9932,"2781 Tempus, Rd.", Apt C ,Hattian Bala,NC,938641,United States 
26,2,Chloe D. Taylor,risus.In@lorem.net,1-356-609-6979,5764 Et Street,Apt A ,Hohenems,NC,Z0948,United States 
27,1,Abbot L. Pennington,neque.et.nunc@semmollisdui.co.uk,1-533-591-6977,4256 Hendrerit Av., Apt C ,Tropea,NC,8869,United States 
28,3,Gwendolyn C. Hill,metus@eleifendCras.co.uk,1-132-277-6059,906-499 Aliquam Avenue,Apt A ,Villamassargia,NC,5397,United States 
29,3,Derek X. Tyler,dictum.mi.ac@dictumultricies.ca,1-848-538-4975,"P.O. Box 896, 8984 Natoque Avenue",Apt A ,Canora,NC,395886,United States 
30,1,Abraham D. Hodge,non.hendrerit.id@imperdietdictum.co.uk,1-801-357-2476,"425-4214 Eleifend, Rd.", Apt C ,Guaitecas,NC,20124-64381,United States 
31,1,Knox G. Barker,diam@enimdiamvel.net,1-847-356-1967,3525 Ultricies Avenue, Apt C ,Siddi,NC,3260,United States 
32,1,Jonah M. Fisher,tellus.Aenean.egestas@eudoloregestas.edu,1-488-814-3439,763-1625 Amet St., Apt D,Bradford,NC,Z5768,United States 
33,1,Galvin A. Wise,velit@dolorquamelementum.ca,1-786-115-2807,2394 Ullamcorper Ave, Apt B ,Tiegem,NC,24701,United States 
34,3,Wynne G. Navarro,Phasellus.dolor@Fusce.net,1-181-668-9328,Ap #718-9270 Eleifend. St., Apt B ,Asbestos,NC,94893,United States 
35,3,Jackson D. Ratliff,pellentesque.Sed.dictum@Nam.org,1-809-184-2961,"P.O. Box 283, 1065 Turpis. Avenue",Apt A ,Mayerthorpe,NC,274893,United States 
36,2,Molly I. Martinez,erat.Vivamus@ultriciessemmagna.co.uk,1-684-743-6747,135 Neque Rd., Apt C ,Pulle,NC,29845,United States 
37,3,Scarlett G. Long,Duis.cursus@interdumNuncsollicitudin.org,1-173-630-7568,Ap #742-9538 Habitant Ave, Apt D,Paglieta,NC,981009,United States 
38,2,Sybill O. Walters,fringilla.porttitor@facilisisegetipsum.org,1-597-789-0609,Ap #848-6737 Sagittis Road, Apt B ,Middelburg,NC,Z9165,United States 
39,3,Amery X. Vaughn,odio.a@aliquamadipiscinglacus.edu,1-725-518-9472,Ap #144-4222 Dolor. St., Apt C ,Andacollo,NC,1552,United States 
40,3,Shafira H. Dennis,dolor@acsemut.co.uk,1-959-745-9419,4564 Proin St.,Apt A ,Salamanca,NC,23420,United States 
41,2,Kiona N. Cross,Mauris.nulla.Integer@senectuset.org,1-135-118-9416,"P.O. Box 498, 2804 Vivamus St.", Apt D,Kurnool,NC,6915,United States 
42,3,Amy M. Pope,purus@leoinlobortis.edu,1-912-479-1881,6773 Rhoncus. Rd., Apt B ,Punitaqui,NC,33-503,United States 
43,3,Yuli L. Schwartz,massa@euismodestarcu.org,1-632-632-4203,"P.O. Box 837, 8403 Leo. Road", Apt B ,Maidstone,NC,Z9124,United States 
44,2,Tarik O. Mccormick,Nam.tempor.diam@Nunc.org,1-742-539-2862,871-7344 Netus St., Apt B ,Santa Croce sull'Arno,NC,881246,United States 
45,3,Phoebe K. Dejesus,dictum.sapien@ultriciessem.net,1-119-445-6146,487-6291 Vulputate Rd., Apt D,Bon Accord,NC,478584,United States 
46,1,Roary R. Rosario,Aliquam@ametrisusDonec.edu,1-777-446-7768,4518 Diam. Rd., Apt C ,Kilmalcolm,NC,625026,United States 
47,1,Sean R. Welch,egestas@bibendum.co.uk,1-598-148-4020,"P.O. Box 596, 388 Luctus Rd.", Apt B ,Puntarenas,NC,44561,United States 
48,2,Herrod M. Stanton,Cras.vehicula@acturpisegestas.ca,1-468-696-6059,1737 Semper Rd., Apt C ,Van,NC,L5R 6LN,United States 
49,1,Mona G. Wilkins,montes@semperauctorMauris.edu,1-675-428-9729,"P.O. Box 957, 1479 Mus. Road", Apt C ,Avignon,NC,78841,United States 
50,2,Silas F. Fox,justo.nec.ante@pede.com,1-270-432-7544,"691-1680 Ut, Rd.",Apt A ,LaSalle,NC,23442,United States 
51,3,Wylie Q. Houston,Quisque.purus@acmattis.ca,1-771-269-2851,2359 Amet Avenue, Apt B ,Rves,NC,457508,United States 
52,3,Paul J. Benjamin,magna.nec@velitinaliquet.net,1-143-283-8517,"P.O. Box 962, 8699 Risus. Street", Apt C ,Kaiserslauter,NC,2902,United States 
53,1,Amela N. Johns,congue.In@Quisque.ca,1-485-843-0628,"1541 Vel, St.",Apt A ,Beverley,NC,22876,United States 
54,3,MacKensie E. Obrien,nulla@nuncsit.org,1-601-620-3703,2090 Mus. Av., Apt C ,Colchester,NC,62048,United States 
55,2,Jana P. Lara,ornare.libero.at@Fuscemilorem.ca,1-174-329-4094,154 Est Ave,Apt A ,Cittanova,NC,283391,United States 
56,1,Odessa Y. Wilkerson,porttitor.interdum.Sed@augueac.com,1-437-351-8117,"Ap #583-4479 Non, Rd.", Apt D,Cuccaro Vetere,NC,3200 EE,United States 
57,2,Mechelle R. Roman,nunc.est@volutpatNullafacilisis.co.uk,1-220-847-2962,"P.O. Box 403, 5162 Congue Rd.", Apt B ,Forlì,NC,320399,United States 
58,3,Hilel I. Mckay,molestie@lorem.co.uk,1-703-792-4653,"Ap #527-1311 Montes, Rd.", Apt B ,Valfabbrica,NC,937858,United States 
59,2,Barbara G. Ray,in.sodales.elit@Mauris.com,1-960-323-5482,"P.O. Box 650, 3955 Lectus, St.", Apt B ,Yogyakarta,NC,660,United States 
60,3,Rajah H. Norris,dui@accumsan.edu,1-169-303-5635,605-7997 Amet St., Apt C ,Masullas,NC,76102,United States 
61,1,Dexter U. Wells,Ut.nec.urna@magnaLorem.com,1-223-220-0464,3910 Phasellus Road, Apt D,São Luís,NC,M6Z 9M9,United States 
62,1,Carlos Y. Castaneda,parturient.montes.nascetur@eget.ca,1-924-609-0533,3878 Malesuada Ave, Apt B ,Caprauna,NC,199607,United States 
63,3,Rina Q. Valencia,sit.amet.orci@ridiculusmusAenean.org,1-687-137-7782,8986 Fames Rd., Apt C ,Matera,NC,199132,United States 
64,1,Josephine R. Cash,sed@vitae.edu,1-675-193-3161,"Ap #898-955 At, St.", Apt B ,Merthyr Tydfil,NC,68925,United States 
65,3,Owen B. Owens,penatibus.et@odioauctor.org,1-901-306-9188,7499 Sed Street,Apt A ,Omaha,NC,4107,United States 
66,1,Daria A. Fleming,enim.nisl@Ut.net,1-309-731-1599,1722 Nunc Rd., Apt B ,Portofino,NC,Z8665,United States 
67,1,Roth W. Rich,molestie.arcu@pedeCras.co.uk,1-308-629-2983,5061 Aliquet. Rd., Apt B ,Vaulx-lez-Chimay,NC,4439 ZA,United States 
68,3,Isaac H. England,ut.mi.Duis@ametmassaQuisque.net,1-396-153-4499,7214 Vulputate St., Apt C ,Neuville-en-Condroz,NC,389,United States 
69,2,Leroy Y. Duke,auctor@loremsemper.org,1-954-553-5359,334-7273 Non St.,Apt A ,Domodedovo,NC,Z8665,United States 
70,1,Jonas T. Avery,Integer@ametfaucibus.com,1-686-146-8392,7573 Massa. Street,Apt A ,Birkenhead,NC,6510 DN,United States 
71,3,Kadeem O. Mcdowell,venenatis.lacus@dolor.org,1-691-476-5340,415 Tincidunt Avenue, Apt C ,Marcedusa,NC,27481,United States 
72,1,Paloma B. Garrison,quam.quis@ametfaucibusut.org,1-115-611-6880,259-8054 Tortor Road,Apt A ,Monteu Roero,NC,8534 QO,United States 
73,1,Jerry L. Fitzpatrick,eros.turpis.non@ametdiam.org,1-997-995-2294,"P.O. Box 831, 4897 Dis Rd.", Apt B ,Davenport,NC,3882 CG,United States 
74,3,Fatima P. Klein,aliquam@Nulla.com,1-450-667-4907,497-3393 Sapien. Rd., Apt D,Maransart,NC,7068,United States 
75,2,Dacey V. Rivas,Vivamus.non.lorem@metusAeneansed.org,1-894-247-4656,3882 Per St., Apt C ,Ponoka,NC,Z5127,United States 
76,2,Camille S. Cannon,dis@antelectus.co.uk,1-417-991-1646,Ap #106-9306 Feugiat Av., Apt C ,O'Higgins,NC,Z1533,United States 
77,3,Warren Y. Russell,malesuada.Integer@lobortis.com,1-663-778-0483,Ap #477-2608 Aliquam St., Apt D,Exeter,NC,31430-51988,United States 
78,2,Taylor C. Fletcher,vulputate.mauris@convallis.org,1-659-858-3213,944-8287 Semper Av.,Apt A ,Rio nell'Elba,NC,X2X 3G2,United States 
79,2,Miranda A. Blake,non@malesuada.ca,1-856-451-7644,"P.O. Box 810, 1280 Aliquet. St.", Apt C ,Katihar,NC,11983,United States 
80,3,Rhona A. Roman,lacinia.at@massa.ca,1-106-393-2904,Ap #127-6245 Nullam St., Apt B ,Auldearn,NC,8120,United States 
81,2,Christopher G. Stevens,id.ante@mauris.com,1-630-855-8507,"2383 A, St.", Apt B ,Tallahassee,NC,5935,United States 
82,3,Lance W. Obrien,vel.mauris.Integer@Nunclectuspede.ca,1-171-537-8608,5067 Sit Street,Apt A ,Paz de Ariporo,NC,325079,United States 
83,2,Christopher O. Hancock,sagittis.semper.Nam@orci.co.uk,1-890-999-0806,Ap #782-6488 Aliquam Street, Apt D,Eksaarde,NC,763463,United States 
84,1,Althea R. Carr,In@sit.org,1-503-338-0729,948 Pharetra Av., Apt B ,Davenport,NC,7430,United States 
85,2,Jada Z. Singleton,condimentum@pede.com,1-528-688-2754,"P.O. Box 160, 7671 Maecenas Rd.",Apt A ,Bruck an der Mur,NC,9775,United States 
86,1,September H. Glover,Suspendisse.dui.Fusce@dolortempus.net,1-629-424-9042,311-2338 Lorem Rd., Apt C ,Doñihue,NC,850738,United States 
87,2,Catherine F. Bonner,sodales.Mauris@vitaealiquetnec.co.uk,1-488-459-8484,Ap #867-5170 Dui. Av., Apt B ,Jupille-sur-Meuse,NC,402342,United States 
88,1,Omar P. Vega,sem@Suspendisse.ca,1-936-535-3924,"3743 Nec, Rd.", Apt C ,Jackson,NC,3783,United States 
89,3,Macy T. Weeks,purus.Duis.elementum@bibendum.ca,1-943-695-3553,1113 Consequat Av.,Apt A ,Nîmes,NC,69556,United States 
90,3,Cyrus H. Saunders,Maecenas@Fuscediamnunc.com,1-797-412-1825,4179 Tristique Street, Apt C ,Pontedera,NC,7987,United States 
91,1,Sacha G. Patterson,est@Fuscediamnunc.edu,1-406-766-4538,"P.O. Box 128, 662 Justo St.",Apt A ,Koersel,NC,827529,United States 
92,2,Ulric P. Coffey,ultricies.sem.magna@euismod.co.uk,1-760-207-3093,2875 Dictum Av., Apt B ,Verrebroek,NC,846645,United States 
93,2,Bevis I. Briggs,tortor@Morbinequetellus.org,1-265-586-1431,375-7273 Dolor. Av., Apt D,Piagge,NC,50813,United States 
94,1,Chase Y. Davenport,nascetur.ridiculus.mus@dolor.com,1-480-919-8535,Ap #447-2697 Mi St., Apt C ,Copiapó,NC,384529,United States 
95,1,Georgia A. Ingram,iaculis@pedeSuspendissedui.ca,1-811-109-5910,261-6343 Interdum St., Apt D,Zaragoza,NC,90224,United States 
96,2,Damon E. Clemons,tempor.augue.ac@dignissimtemporarcu.ca,1-496-279-0324,6230 Molestie Ave, Apt D,Yeongju,NC,3949,United States 
97,2,Wallace Y. Briggs,a.auctor@Integermollis.net,1-412-390-8990,8864 Quisque Ave, Apt C ,Sittard,NC,93654-02678,United States 
98,3,Reed F. Orr,tincidunt@dolordapibus.co.uk,1-299-660-6273,8105 Eget Ave, Apt C ,Borgo Valsugana,NC,982382,United States 
99,3,Kylynn O. Wagner,metus.sit.amet@dapibusligulaAliquam.co.uk,1-245-550-0105,5289 Nunc Rd.,Apt A ,Souvret,NC,622106,United States 
100,2,Fitzgerald C. Burch,velit@nec.edu,1-348-885-9170,Ap #793-1307 Natoque St.,Apt A ,Thanjavur,NC,Z5645,United States 
